bravado>A bold manner or show of boldness, either to impress or intimidate.>0>0>1>0>1>0>0>0>1>0>0>0>0>0>0>0>1>0>0>0>0>0>0>0>0>0>0>0>0>0>4
pick-up>(a) Learning: Pick the math behind neural network. (b) To describe the illness: He picked up the fever.  >0>0>0>0>0>1>0>0>0>0>0>0>0>0>0>0>0>1>0>0>0>0>0>0>0>1>0>0>0>0>3
take-off>(a) Removing clothes (b) To describe a success: My business is take off. (c) To take a day off from work  >0>0>0>0>0>0>0>0>0>1>0>0>0>0>0>0>0>0>0>0>0>0>1>0>0>0>0>0>0>0>2
emphatic>Expressing something forcible and clearly  >1>0>0>0>0>1>0>0>0>1>1>1>0>0>0>1>0>1>0>0>0>0>0>0>1>1>0>1>0>1>11
pathetic>Arousing pity or sorrow, especially because of vulnerability or sadness.>1>0>0>0>0>0>0>0>0>0>0>0>0>0>0>0>0>0>0>0>0>0>0>0>0>0>0>0>0>0>1
scrap>Discarded / traces>0>0>0>0>0>0>0>0>0>0>0>0>0>0>0>1>0>0>0>0>0>0>0>0>0>0>0>0>1>0>2
poignant>Evoking a keen sense of sadness or regret>0>0>1>0>0>0>0>0>0>0>0>0>0>0>0>0>0>0>0>0>0>0>0>0>0>0>0>0>0>0>1
nevertheless>In spite of, fir bhi>1>0>0>0>0>0>0>0>0>0>0>0>0>0>0>0>0>0>0>0>0>0>0>0>0>0>0>0>0>0>1
reckless>Careless, incautious, inattentive>0>0>1>1>0>0>1>1>1>1>1>0>1>0>1>1>1>1>1>1>1>0>0>0>0>0>0>0>0>1>16
barely>Hardly>0>1>0>0>0>0>0>0>0>0>0>0>0>0>0>0>0>0>0>0>1>0>1>0>0>0>0>0>0>0>3
